{
  "version": "2023.1",
  "applications": [],
  "platforms": [
    {
      "name": "design_1_wrapper"
    }
  ],
  "systems": [
    {
      "name": "test_app_001_system",
      "platform": "/home/engineer/Documents/Projects/testplatform/design_1_wrapper/export/design_1_wrapper/design_1_wrapper.xpfm",
      "sysConfig": "design_1_wrapper",
      "buildConfig": "Debug",
      "applications": [
        {
          "name": "test_app_001",
          "platform": "/home/engineer/Documents/Projects/testplatform/design_1_wrapper/export/design_1_wrapper/design_1_wrapper.xpfm",
          "platformPath": "/home/engineer/Documents/Projects/testplatform/design_1_wrapper/export/design_1_wrapper",
          "sysConfig": "design_1_wrapper",
          "domain": "standalone_ps7_cortexa9_0",
          "system": "test_app_001_system"
        }
      ],
      "platformPath": "/home/engineer/Documents/Projects/testplatform/design_1_wrapper/export/design_1_wrapper"
    }
  ],
  "others": []
}